id_bradesco;unit_name;data_inicio;dias_antes_automacao;reference_id;unit_id
895;895 TRIANON-USP;03/18/25;53;4055;3526
1322;1322 JARDINS-USP;03/18/25;49;4054;3528
302;302 RUDGE RAMOS-URB.SBC;03/18/25;45;4051;3534
1382;1382 ALPHAVILLE-BARUERI;03/18/25;41;4058;3541
127;127 OSASCO - CENTRO;03/18/25;40;4057;3545
2229;2229 PQ.S.VICENTE-U.MAUA;03/18/25;33;4084;3551
1903;1903 S.LOURENCO DA MATA;03/18/25;33;4066;3550
2036;2036 JD.MARAJOARA-USP;03/18/25;32;4098;3552
121;121 MAUA-CENTRO;03/18/25;31;4088;3554
3190;3190 R.PAISSANDU-U.RECIFE;03/18/25;31;4076;3553
2575;2575 B.DEMARCHI-U.SBC;03/24/25;34;4095;3558
231;231 B.CUBAS DM M.CRUZES;03/24/25;33;4104;3559
2458;2458 V.SAO JOSE-USP;03/24/25;33;4106;3560
3267;3267 GUILH.COTCHING-USP;03/24/25;32;4089;3561
2866;2866 AV RAGUEB CHOHFI USP;03/24/25;32;4107;3563
2399;2399 ITAPISSUMA;03/24/25;31;4081;3566
1974;1974 CANGAIBA-USP;03/24/25;31;4110;3567
1479;1479 ARTUR ALVIM-USP;03/24/25;30;4114;3569
1442;1442 CID.DUTRA-USP;03/24/25;30;4090;3568
2947;2947 PRAZERES-U.JAB.GUAR.;03/31/25;34;4080;3571
557;557 RIBEIRAO PIRES;03/31/25;32;4109;3574
312;312 V.GUILHERME-USP;03/31/25;32;4103;3573
1700;1700 STA.CRUZ-URJ;03/31/25;32;4111;3575
100;100 SUZANO-CENTRO;03/31/25;31;4093;3577
2490;2490 REALENGO-URJ;03/31/25;30;4125;3579
2834;2834 AV.PIRES DO RIO -USP;03/31/25;30;4145;3580
1911;1911 AV.SAPOPEMBA-USP;04/17/25;40;4146;3582
461;461 N.SRA.SABARA-USP;04/17/25;40;4108;3581
1744;1744 V.DAS MERCES-USP;04/17/25;37;4134;3583
505;505 PAES BARROS-USP;04/17/25;36;4115;3585
2302;2302 CID.A.E.CARVALHO-USP;04/17/25;35;4166;3587
2208;2208 PAUDALHO;04/17/25;35;4124;3586
2199;2199 JD.GUEDALA-USP;04/17/25;34;4132;3588
2392;2392 V.SABRINA-USP;04/17/25;34;4152;3589
836;836 MORENO;04/17/25;33;4096;3590
119;119 CAMBUCI-USP;04/17/25;33;4159;3592
516;516 GRANJA JULIETA-USP;04/17/25;29;4112;3595
1261;1261 ITAQUAQUECETUBA-CTO;04/17/25;28;4157;3597
6312;6312 AV.DR.JOSE RUFINO-RECIFE, PE;04/17/25;27;;
3935;3935 IPUTINGA-URB.RECIFE, PE;04/17/25;27;4063;3596
2403;2403 PORTAL MORUMBI-USP;04/17/25;27;4140;3599
614;614 HIGIENOPOLIS-USP;04/17/25;27;4153;3601
211;211 FERRAZ VASCONCELOS;04/17/25;26;4165;3605
2062;2062 FRADIQ.COUTINHO-USP;04/17/25;26;4129;3604
5639;5639 AV.ENG.DOMIN FERR-U.RECIFE, PE;04/17/25;23;4072;3607
1936;1936 CITY MOOCA-USP;04/17/25;23;4191;3610
6690;6690 SULACAP-URB.R.JANEIRO,RJ;04/17/25;23;4130;3609
2751;2751 ESTRADA DO MENDANHA - URJ;04/17/25;23;4120;3608
2874;2874 JD. CAMARGO-USP;04/17/25;23;4200;3611
101;101 ITAQUERA-USP;04/17/25;22;4183;3614
3031;3031 IBICARAI;04/17/25;21;4233;3619
90;90 IPIRANGA-USP;04/17/25;21;4113;3616
2872;2872 V.CARMOSINA-USP;04/17/25;21;4184;3617
3022;3022 COARACI;04/17/25;21;4229;3618
656;656 V.SONIA-USP;04/17/25;20;4131;3622
298;298 V.CARRAO-USP;04/17/25;20;4180;3624
1315;1315 AV GETULIO VARGAS URB NILOPOLIS RJ;04/17/25;20;4171;3623
1783;1783 CARPINA-PE;04/17/25;20;;
933;933 MIGUEL COUTO;04/17/25;19;;
118;118 PENHA-USP;04/17/25;19;4186;3628
2284;2284 LOTE XV-U.BELF.ROXO;04/17/25;19;4162;3626
3569;3569 URUCUCA;04/17/25;19;4245;3630
120;120 JABAQUARA-USP;04/17/25;19;4154;3625
97;97 TATUAPE-USP;04/17/25;19;4176;3627
507;507 BARBACENA;04/17/25;16;4221;3637
3010;3010 BUERAREMA;04/17/25;16;4216;3635
137;137 VILA FORMOSA-USP;04/17/25;16;4219;3636
2518;2518 CASA FORTE-URE;04/17/25;16;4078;3632
1365;1365 AV.MATEO BEI-USP;04/17/25;16;4226;3638
657;657 B POLVILHO CAJAMAR;05/15/25;40;4206;3650
1310;1310 R.DR.C.CAVALC.-UITAG;05/15/25;36;4137;3653
3201;3201 RECIFE-CENTRO;05/15/25;35;4079;3657
1652;1652 TEIXEIRA DE FREITAS;05/15/25;34;4143;3660
3093;3093 ITAMARAJU;05/15/25;33;4163;3666
2798;2798 IMBIRIBEIRA-URE;05/15/25;33;4075;3663
109;109 S.BERNARDO CAMPO-CTO;05/15/25;33;4142;3665
3685;3685 ITABELA;05/15/25;30;4160;3668
1788;1788 SERRA BRAGANCA-USP;05/15/25;30;4273;3669
886;886 MANGARATIBA;05/15/25;29;4187;3671
1068;1068 REALEZA-MANHUACU;06/02/25;46;4255;3674
2033;2033 IGARASSU;05/15/25;28;4094;3672
297;297 CID.VARGAS-USP;05/15/25;28;4284;3675
3263;3263 CONGONHAS-USP;06/02/25;41;4281;3677
3287;3287 V.PAROLIN-UCT;06/02/25;41;4205;3676
1126;1126 PRAIA DOS INGLESES - URB FLORIANOPOLIS;06/02/25;40;4178;3679
1197;1197 BACACHERI-UCT;06/02/25;40;4222;3680
3755;3755 PC DOM EMANOEL- U ANAPOLIS- GO;06/02/25;40;4354;3682
78;78 DRACENA;06/02/25;39;4300;3685
785;785 IPOJUCA;06/02/25;39;4122;3683
1453;1453 BANGU-URJ;06/02/25;38;4126;3688
156;156 NACOES UNIDAS - USP;06/02/25;38;4117;3687
42;42 PRES.BERNARDES;06/02/25;38;4315;3689
165;165 BELENZINHO-USP;06/02/25;37;4295;3694
986;986 VICOSA;06/02/25;37;4258;3693
1602;1602 LEOPOLDINA;06/02/25;37;4235;3692
1986;1986 JORDANESIA DM CAJAM.;06/02/25;37;4204;3691
1870;1870 ALEM PARAIBA;06/02/25;34;4239;3699
1611;1611 PERUIBE;06/02/25;34;4304;3700
5727;5727 BIGORRILHO-URB.CURITIBA,PR;06/02/25;34;4207;3698
1851;1851 SHOPP.MORUMBI-USP;06/02/25;34;4381;3701
1962;1962 VARZEA PAULISTA;06/02/25;33;4215;3704
1018;1018 CAUCAIA DO ALTO - COTIA;06/02/25;33;4197;3703
131;131 LIBERDADE-USP;06/02/25;33;4395;3705
1472;1472 SÃO JOSÉ - CENTRO;06/02/25;33;;
1610;1610 ITANHAEM-CTO;06/02/25;32;4312;3709
449;449 BRIG.L.ANTONIO-USP;06/02/25;32;4294;3708
976;976 PALMEIROPOLIS;06/02/25;32;4321;3710
1284;1284 BAIRRO STA CRUZ DA SERRA U DQ CAXIAS RJ;06/02/25;32;4230;3707
2471;2471 AV.BRASILIA-UCT;06/02/25;30;4292;3720
780;780 SITIO CERCADO-URB CURITIB;06/02/25;30;4264;3719
1232;1232 PIEDADE JABOATAO;06/02/25;30;4074;3713
5749;5749 R.MANOEL V.MACEDO-CURITIBA,PR;06/02/25;30;4185;3717
286;286 CONDE BOA VISTA-URE;06/02/25;30;4085;3714
3787;3787 MANHUACU;06/02/25;30;4257;3718
1993;1993 PONTE RASA-USP;06/02/25;28;4288;3681
1259;1259 EMBU DAS ARTES - SP;06/02/25;27;4408;3728
499;499 CAPELA SOCORRO-USP;06/02/25;27;4218;3725
1698;1698 IRAJA-URJ;06/02/25;27;4228;3726
2274;2274 AV.85-UGOIANIA;06/02/25;27;4397;3727
3084;3084 TABOAO DA SERRA-CTO;06/16/25;39;;
5218;5218 ITACARE;06/16/25;39;4247;3736
496;496 ACLIMACAO-USP;06/16/25;38;4378;3737
3354;3354 PREF.PRAIA GDE.UPGDE;06/16/25;37;4332;3740
725;725 PORTO NACIONAL;06/16/25;37;4341;3741
1978;1978 MONGAGUA;06/16/25;37;4309;3739
199;199 V.MARIA-USP;06/16/25;37;4430;3742
616;616 ARAGUACU;06/16/25;34;4327;3745
529;529 QUILOMETRO 18-U.OSAS;06/16/25;33;4141;3747
1599;1599 OLINDA-CENTRO;06/16/25;33;4086;3746
421;421 HEITOR PENTEADO-USP;06/16/25;33;4411;3750
237;237 ILHEUS-CENTRO;06/16/25;33;4227;3748
3578;3578 RIO REAL;06/16/25;32;4335;3753
545;545 V.NOVA CACHOEIR-USP;06/16/25;32;4410;3754
3848;3848 PICARRA-URB.TERESINA;06/16/25;32;4334;3752
2778;2778 RUA DIAS CRUZ - URB - RJ;06/16/25;31;4223;3757
3183;3183 EUNAPOLIS;06/16/25;30;4172;3758
1855;1855 CONGONHAS;06/16/25;30;4352;3759
3691;3691 ITABATAN PV MUCURI;07/03/25;44;4150;3765
6074;6074 PRIME MEIER-URJ;07/03/25;44;4224;3766
3114;3114 NACIONAL-USP;07/03/25;44;4313;3768
2337;2337 PRIME PRAÇA DO BATEL URB CURITIBA PR;07/03/25;44;;
255;255 HORTO FLORESTAL-USP;07/03/25;44;4461;3770
2029;2029 CID.OCIAN-U.P.GRANDE;07/03/25;43;4336;3773
313;313 V.LEOPOLDINA-USP;07/03/25;43;4422;3774
2003;2003 NOVA CANTAREIRA-USP;07/03/25;42;4478;3778
2212;2212 ELDORADO-U.CONT.;07/03/25;42;4314;3777
872;872 BARRA WORLD URJ;07/03/25;41;4345;3785
1066;1066 PRIME PALMAS;07/03/25;41;4366;3787
280;280 PRAIA GRANDE-CENTRO;07/03/25;41;4333;3784
3217;3217 VITORIA DE STO.ANTAO;07/03/25;40;4100;3789
576;576 MURIAE;07/03/25;40;4251;3791
3515;3515 EUCLIDES DA CUNHA;07/03/25;40;4346;3792
2889;2889 V.TUPY-U.PRAIA GDE.;07/03/25;40;4347;3793
3666;3666 PERIPERI-USA;07/03/25;40;4220;3790
2303;2303 JD.TRANQUILIDADE-UGU;07/03/25;40;4485;3794
3013;3013 CAMACAN;06/16/25;21;4217;3756
349;349 GASPAR;07/03/25;37;4212;3797
1074;1074 TUTOIA-USP;07/03/25;37;4495;3801
5755;5755 R. JOAO NEGRAO-U CURITIBA- PR;07/03/25;37;4236;3798
3715;3715 AV.CARVALHO LEAL-UMA;07/03/25;37;4193;3803
854;854 TIMOM;07/03/25;37;4400;3800
3664;3664 AV.JK UPALMAS;07/03/25;36;4365;3808
5423;5423 RAIZ - URB MANAUS- AM;07/03/25;36;4198;3805
1867;1867 COLOMBO-CENTRO;07/03/25;36;4344;3807
2415;2415 JD.HEL.MARIA-U.OSAS.;07/03/25;36;4403;3809
337;337 BRUSQUE-CENTRO-SC;07/03/25;35;4214;3812
1407;1407 V.BARROS-U.GUARULHOS;07/03/25;35;4527;3817
495;495 AV.IBIRAPUERA-USP;07/03/25;35;4525;3816
2799;2799 V.BORGES-USP;07/03/25;35;4569;3818
1156;1156 CAPIM GROSSO;07/03/25;35;4357;3815
450;450 COLONIAL-USP;07/03/25;34;4377;3820
6693;6693 AV.JOAQ.T.SEGUR-UPAL;07/03/25;34;4385;3821
2397;2397 PALMAS-CTO;07/03/25;34;4387;3822
293;293 B.LIMAO-USP;07/03/25;33;4500;3829
2010;2010 SANTA RITA;07/03/25;33;4589;3833
129;129 DUQUE DE CAXIAS-CTO.;07/03/25;33;4311;3826
1742;1742 JACANA-USP;07/03/25;33;4561;3831
154;154 GUARULHOS-CENTRO;07/03/25;33;4578;3832
2846;2846 V.OLIMPIA-USP;07/03/25;33;4546;3830
929;929 PINHAIS - CENTRO;07/03/25;33;4361;3828
511;511 CATAGUASES;07/03/25;30;4238;3835
2248;2248 STA.FELICIDADE-UCT;07/03/25;30;4367;3840
343;343 CHAPECO CENTRO;07/03/25;30;4262;3836
3043;3043 JACOBINA;07/03/25;30;4363;3839
2004;2004 GUAIANAZES-USP;07/03/25;30;4594;3841
590;590 GURUPI;07/03/25;30;4340;3838
380;380 TIJUCAS;07/03/25;30;4189;3834
5718;5718 R.XV DE NOVEMBRO-CURITIBA,PR;07/03/25;29;4240;3843
2398;2398 NAZARE-UBE;07/03/25;29;4460;3849
2000;2000 PENINSULA-URB.RJ, RJ;07/03/25;29;4418;3846
509;509 PONTE NOVA;07/03/25;29;4254;3825
690;690 RIBEIRA DO POMBAL;07/03/25;29;4317;3845
584;584 BAIRRO SAO CRISTOVAO;07/03/25;29;4261;3844
1546;1546 MAGE;07/03/25;29;4450;3848
2034;2034 ALCANTARA-U.S.GONC.;07/03/25;29;4446;3847
277;277 V.JAGUARA-USP;07/15/25;40;4587;3870
3651;3651 JORGE AMADO-USA;07/03/25;28;4237;3852
662;662 BROTAS-USA;07/03/25;28;4331;3857
3143;3143 AZENHA-UPA;07/03/25;28;4259;3854
2814;2814 JD.PRIMAVERA-U-D-CAX;07/03/25;28;4232;3851
508;508 DIVINOPOLIS;07/15/25;40;4501;3866
1376;1376 EDUCANDOS-UMA;07/03/25;28;4253;3871
1417;1417 MERC.S.SEBASTIAO-URJ;07/03/25;28;4423;3864
352;352 IMBITUBA;07/15/25;39;4211;3873
126;126 AUGUSTA-USP;07/15/25;35;4604;3878
512;512 AG SETE LAGOAS-CENTRO;07/15/25;35;4532;3877
2024;2024 NUCLEO BAND.CID.SAT.;07/03/25;23;4382;3875
602;602 CANSANCAO;07/31/25;50;4351;3880
481;481 CUBATAO;07/15/25;33;4614;3890
1134;1134 COELHO NETO;07/31/25;49;4441;3888
2744;2744 JD.ANGELA-USP;07/15/25;33;4390;3885
2143;2143 MARICA;07/31/25;49;4148;3883
1035;1035 BREJO;07/15/25;33;4451;3889
2512;2512 PIABETA;07/31/25;49;4433;3887
6638;6638 R.XV DE NOVEMBRO.-U.S.J.PINHAI;07/31/25;49;4291;3884
2386;2386 ESTRADA DOS ROMEIROS -U.BARUERI;07/15/25;32;4612;3894
547;547 CARLOS CAMPOS-USP;07/03/25;19;4533;3901
1905;1905 VICENTE CARVALHO;07/15/25;31;4694;3903
3734;3734 PARQUE DEZ-UMA;07/15/25;31;4476;3899
1784;1784 LIMOEIRO;07/15/25;31;4595;3902
135;135 COPACABANA-URJ;07/31/25;44;4421;3906
2247;2247 ROCHDALE-URB.OSASCO;07/03/25;16;4386;3904
537;537 S.VICENTE-CENTRO;07/15/25;28;4625;3909
2883;2883 JAGUARE-USP;07/15/25;28;4602;3908
1948;1948 ITABORAI;07/31/25;44;4412;3905
952;952 AV. GEREMARIO DANTAS;07/31/25;44;4490;3907
5390;5390 URBANO SANTOS;07/31/25;43;4419;3913
238;238 IPIAU;07/31/25;43;4208;3910
3073;3073 CONCEICAO DO COITE;07/31/25;43;4380;3911
2282;2282 R.BORGES LAGOA-USP;07/31/25;43;4703;3915
1890;1890 LAVRAS;07/31/25;42;4494;3919
2605;2605 PLINIO CASADO-U.D.CX;07/31/25;42;4348;3918
1186;1186 AV CENTRAL URB NITEROI RJ;07/31/25;40;4479;3922
2165;2165 PRAIA ENS.U-GUARUJA;07/31/25;40;4728;3926
548;548 V.CLEMENTINO-USP;07/31/25;40;4749;3927
518;518 PONTA PRAIA U.SANTOS;07/31/25;40;4626;3925
3037;3037 ITABERABA;07/31/25;40;4542;3924
235;235 PC.MUNICIPAL-USA;07/31/25;40;4492;3923
3707;3707 MANACAPURU;07/31/25;40;4449;3921
2807;2807 B.SANTA ROSA-U.NIT.;07/31/25;37;4456;3932
1804;1804 FREGUESIA-URJ;07/31/25;37;4491;3933
2371;2371 AV.JUL.CASTILHOS-UCG;07/31/25;37;4517;3934
1629;1629 PRAIA BOTAFOGO-URJ;07/31/25;37;4564;3935
1800;1800 GOIANA;07/31/25;36;4629;3939
6536;6536 RUA CEL.ALFREDO SOARES,RJ;07/31/25;36;4467;3938
3266;3266 CAMPO POLVORA-USA;07/31/25;36;4318;3937
320;320 MANAUS-CENTRO;07/31/25;35;4231;3946
3291;3291 ARAGUAINA;07/31/25;35;4402;3940
525;525 GUARUJA-CENTRO;07/31/25;35;4723;3944
158;158 CABREUVA;07/31/25;35;4720;3943
3300;3300 GUARAI;07/31/25;35;4444;3941
48;48 PARANAGUA;07/31/25;35;4529;3942
2474;2474 PRES.ALTINO-URB.OSAS;07/31/25;35;4742;3945
543;543 S.GONCALO-CENTRO;07/31/25;34;4457;3950
659;659 SIRINHAEM;07/31/25;34;4695;3954
2350;2350 JD.LONDRES U.CAMPIN.;07/31/25;34;4770;3955
295;295 CAUCAIA;07/31/25;34;4579;3936
3237;3237 LGO.DO TANQUE-USA;07/31/25;34;4283;3947
2100;2100 CEL.ANTONINO-UCG;07/31/25;34;4548;3953
1940;1940 UBA;07/31/25;34;4302;3948
2157;2157 MATINHOS;07/31/25;34;4518;3952
133;133 ITAIM-USP;07/31/25;33;4503;3957
3732;3732 PRES FIGUEIREDO;07/31/25;33;4538;3958
1230;1230 CAXANGA-URE;07/31/25;33;4065;3956
114;114 BOM RETIRO-USP;07/31/25;33;4773;3959
2089;2089 QUEIMADOS;07/31/25;30;4417;3960
3613;3613 IPIRA;07/31/25;30;4536;3961
99;99 CENTRAL;07/31/25;30;4741;3963
2405;2405 PIRAJUCARA-U.T.SERRA;07/31/25;30;4761;3964
323;323 VINHEDO - VINHEDO;07/31/25;30;4776;3965
2378;2378 LGO.DO BICAO URB.RJ.;07/31/25;30;4799;3966
2105;2105 BAYEUX;07/31/25;29;4571;3975
2187;2187 ITAIPU-UNITEROI;07/31/25;29;4483;3973
3189;3189 CENTER LAPA-USA;07/31/25;29;4285;3970
493;493 CAMPINA GRANDE -CENTRO;07/31/25;29;4507;3974
1695;1695 SALGUEIRO;07/31/25;28;4718;3977
1443;1443 JD.BONFIGLIOLI-USP;07/31/25;28;4717;3976
98;98 RANGEL PESTANA-USP;07/31/25;28;4736;3978
1972;1972 GUAIBA;07/31/25;26;4549;3980
1790;1790 GRAJAU-URJ;07/31/25;26;4802;3984
262;262 MIRACEMA DO TOCANTIN;07/31/25;26;4620;3981
1253;1253 ITAPEVI-CTO;07/31/25;26;4719;3982
56;56 ADAMANTINA;08/15/25;41;4757;3983
592;592 GRACA-USA;08/15/25;35;4296;3988
860;860 CAPELINHA;08/15/25;35;4472;3989
21;21 OSVALDO CRUZ-SP;08/15/25;35;4754;3992
1522;1522 PARNAIBA;08/15/25;34;4442;3995
2108;2108 CRUZ DAS ARMAS-UJP;08/15/25;34;4574;3998
2340;2340 BAIRRO MANGABEIRA-URB.JOÃO PESSOA-PB;08/15/25;34;;
527;527 S.ROQUE;08/15/25;34;4769;3999
1499;1499 ABOLICAO-URJ;07/31/25;17;4523;3996
5792;5792 BARRAS;08/15/25;31;4445;3979
2214;2214 MEIRELES-UFO;08/15/25;31;4747;4005
3015;3015 CANAVIEIRAS;07/31/25;16;4801;3967
1877;1877 TIMBAUBA;07/31/25;16;4693;4004
5246;5246 AV.ZAHRAN-U CAMPO GRANDE- MS;07/31/25;16;4455;4002
1364;1364 R. DR. MOREIRA-U MANAUS- AM;08/15/25;29;4406;4012
2646;2646 JD.DO TREVO-URB.CAMP;08/15/25;28;4791;4015
551;551 LEBLON-URJ;08/15/25;27;4821;4019
393;393 ITATIBA-CENTRO;08/15/25;27;4825;4020
3601;3601 IBIPEBA;08/15/25;27;4627;4017
3549;3549 XIQUE-XIQUE;08/15/25;27;4706;4018
435;435 JOAO PESSOA-CENTRO;08/15/25;24;4588;4434
2425;2425 ITAPUA-USA;08/15/25;24;4375;4277
5810;5810 S.RAIMUNDO NONATO, PI;08/15/25;24;4603;4446
1387;1387 V.BANDEIRANTES-UCG;08/15/25;24;4469;4340
3439;3439 BANCARIOS -URB – JOÃO PESSOA;08/15/25;24;;
6513;6513 AV.DEP.PLINIO RIBEIRO-M.C;08/15/25;23;4829;4580
382;382 TUBARAO;08/15/25;23;4562;4412
665;665 CTO EMPRESARIAL - USP;08/15/25;23;4543;4394
5507;5507 BRASILIA DE MINAS;08/15/25;22;4831;4581
214;214 VALINHOS;08/15/25;22;4777;4539
2608;2608 CARLITO PAMPLONA-UFO;08/15/25;22;4618;4460
869;869 IBOTIRAMA;09/01/25;38;4697;4474
3065;3065 TEOFILO OTONI;09/01/25;38;4475;4345
480;480 BRAGANCA PTA. CENTRO;09/01/25;38;4836;4583
605;605 AV.AMOREIRAS-U.CAMP.;09/01/25;38;4909;4644
2159;2159 SAPE;09/01/25;38;4889;4628
2118;2118 STO.ANTONIO-U.CAMPIN;09/01/25;37;4937;4664
3173;3173 MQ.CARAVELAS-USA;09/01/25;37;4502;4366
3231;3231 PITUBA-USA;09/01/25;37;4249;4191
2009;2009 MAMANGUAPE;09/01/25;37;4875;4616
6032;6032 JUSC.KUBITSCHEK-U.BARREIRAS,BA;09/01/25;34;4709;4483
2121;2121 TIRIRICAL-USL;09/01/25;34;4699;4475
670;670 SAUDE-USP;09/01/25;34;4809;4564
971;971 FLORIANO;09/01/25;33;4570;4418
502;502 CEASA-USP;09/01/25;33;4800;4557
2387;2387 JD ROSOLEM - URB HORTOLÂNDIA;09/01/25;32;;
2216;2216 PERUS-USP;09/01/25;32;4911;4645
2917;2917 JD.SANTANA-URB.CAMP.;09/01/25;32;4957;4678
344;344 CONCORDIA;09/01/25;31;4601;4444
1397;1397 TAQUARAL-UR.CAMPINAS;09/01/25;31;4933;4661
301;301 AV.ANTARTICA-USP;09/01/25;31;4908;4643
1915;1915 CERQUILHO;09/01/25;31;4848;4593
3679;3679 AV.DOM JOAO VI - USA;09/01/25;31;4553;4404
384;384 VIDEIRA;09/01/25;30;4606;4449
1088;1088 PRIME LARGO DO MACHADO URB. RIO DE JANEI;09/01/25;30;4912;4646
2358;2358 SAO JOAO DOS PATOS;09/01/25;30;4545;4396
3072;3072 CAMPO GRANDE-USA;09/01/25;30;4484;4353
315;315 COSMOPOLIS;09/01/25;30;4898;4634
832;832 AV.ARIO BARNABE U.INDAI;09/01/25;27;4978;4701
1977;1977 STA.ISABEL;09/01/25;27;4951;4673
970;970 JD AMANDA URB HORTOLANDIA;09/01/25;27;4954;4675
3736;3736 COMPENSA-UMA;09/01/25;27;4459;4333
675;675 CAETITE;09/01/25;26;4828;4579
117;117 N.SRA.DO O-USP;09/01/25;26;4794;4552
2120;2120 JOCKEY-U.TERES.;09/01/25;26;4383;4284
2772;2772 ROCHA MIRANDA-URJ;09/01/25;25;4938;4665
3456;3456 AV.PONTES VIEIRA-UFO;09/01/25;25;4842;4587
2055;2055 RIO BONITO;09/01/25;24;4827;4578
1122;1122 AV.SOUZA FILHO UPETR;09/01/25;24;4782;4542
484;484 AVENIDA-U.BRASILIA;09/01/25;20;4700;4476
1780;1780 PRIME AV.T 63-U.GOIA;09/01/25;20;4900;4636
6453;6453 R.D PEDRO II-U PONTA GROSSA PR;09/01/25;20;4573;4420
3101;3101 PETROLINA-CENTRO;09/01/25;20;4783;4543
575;575 BAIRRO CAVALEIROS-URB. MACAÉ-RJ;09/01/25;19;;
807;807 RIO MARIA;09/01/25;19;4841;4586
601;601 PARADA DE TAIPAS URB SP;09/01/25;19;4939;4666
1983;1983 DOM PEDRO;09/01/25;19;4489;4355
1849;1849 TERENOS;09/01/25;19;4586;4432
1024;1024 ANJO DA GUARDA URB. SAO L;09/01/25;19;4613;4455
330;330 ITAJAI-CENTRO;09/01/25;18;4202;4150
905;905 XINGUARA;09/01/25;17;4844;4589
2482;2482 LUIS EDUAR.MAGALHAES;09/01/25;17;4735;4499
627;627 PQ.DA UVA-U.JUNDIAI;09/01/25;17;5004;4705
2304;2304 AV.DR.T.PENTEADO UGU;09/15/25;30;4917;4651
3603;3603 BARRA DO CHOCA;09/01/25;16;4854;4598
3045;3045 JUAZEIRO-CENTRO;09/01/25;16;4787;4547
3350;3350 PC.NOVA SUICA-UGO;09/15/25;27;4813;4566
2902;2902 JUSTINOPOLIS-R.NEVES;09/15/25;26;4882;4622
52;52 ARAPONGAS;09/15/25;25;4876;4617
2113;2113 GAMA-CID.SATELITE;09/15/25;25;4554;4405
5493;5493 PARNARAMA-MA;09/15/25;25;4557;4407
3637;3637 AMARGOSA;09/15/25;24;5036;4713
3528;3528 LIVRAMENTO N.SENHORA;09/15/25;24;4785;4545
3310;3310 PC.EVANGELHO-U.SUMAR;09/15/25;24;4986;4712
2729;2729 MINEIRAO-UBH;09/15/25;24;4807;4562
2733;2733 V.CANAA-UGO;09/15/25;23;4811;4565
6345;6345 MAURICIO DE NASSAU;09/15/25;23;4966;4685
1514;1514 PRACA SAO FRANCISCO URB MARABA PA;09/15/25;20;4855;4599
3009;3009 BRUMADO;09/15/25;20;4786;4546
3027;3027 GANDU;09/15/25;20;4269;4207
624;624 CAMBEBA - U FORT -CE;09/15/25;19;4958;4679
883;883 RIO DAS OSTRAS;09/15/25;19;4858;4602
649;649 PARANGABA - U FORT -CE;09/15/25;19;4928;4658
586;586 SERRA TALHADA;09/15/25;19;4734;4498
1478;1478 ITAPEMIRIM;09/15/25;19;4743;4507
163;163 NAVEGANTES SC;09/15/25;19;4999;4717
322;322 SUMARE-CTO.;09/15/25;19;4988;4716
2805;2805 ITAIPAVA-DIST.PETROP;09/15/25;18;4913;4647
1147;1147 AV.PERIMETRAL NORTE-URB.GOIÂNIA-GO;09/15/25;18;;
888;888 BAIRRO VISTA VERDE URB. SJC;09/15/25;18;5058;4719
553;553 CACHOEIRO ITAPEMIRIM;09/15/25;18;4745;4509
1474;1474 GUARAPARI;09/15/25;18;4753;4517
437;437 AUTAZES;09/15/25;17;5086;4726
645;645 JOSE WALTER - U FORT -CE;09/15/25;17;4991;4723
3154;3154 V.PAULISTA-U.TAUBATE;09/15/25;17;5045;4725
1409;1409 SETOR INDL-UBRASIL.;09/15/25;17;4725;4494
2741;2741 PC.8 DEZEMBRO-UGUAR.;09/15/25;17;5010;4724
2718;2718 BOM CLIMA-U.GUARUL.;09/15/25;17;4918;4652
546;546 MARABA-CENTRO;09/15/25;17;4880;4620
3;3 ARARAQUARA-CTO.;10/20/25;34;5001;4905
1227;1227 AV IMIGRANTES U VINHEDO;09/30/25;34;4972;4691
4;4 ASSIS;09/30/25;34;4820;4571
149;149 GONZAGA-U.SANTOS;01/02/26;34;5041;5069
7;7 LINS;01/02/26;34;5310;5104
7;7 LINS;09/30/25;34;5310;5104
3019;3019 CATETE-URJ;11/03/25;34;4919;4653
1451;1451 V.DIVA-USP;11/03/25;34;5108;4828
9;9 RANCHARIA;10/20/25;34;5140;4852
401;401 PETROPOLIS-CENTRO;11/03/25;34;4903;4638
10;10 TUPA;09/30/25;34;4846;4591
227;227 BOTAFOGO-URJ;12/08/25;34;5143;4952
12;12 ANDRADINA;12/08/25;34;5409;4972
404;404 PARAGUACU PAULISTA;11/03/25;34;5142;4853
14;14 BIRIGUI;12/18/25;34;5309;4958
879;879 TAGUATINGA-CID.SAT.;07/31/25;34;4464;4008
27;27 CAMBE;12/08/25;34;5206;4897
32;32 ROLANDIA;12/08/25;34;5218;4955
3012;3012 CALCADA-USA;11/03/25;34;4244;4188
43;43 PEDERNEIRAS;12/08/25;34;5215;4940
405;405 TERESINA-CENTRO;12/08/25;34;4405;4299
44;44 OURINHOS;11/24/25;34;5298;4873
45;45 SANTOS-CENTRO;07/31/25;34;4764;4009
115;115 V.PRUDENTE-USP;06/16/25;34;4514;3823
47;47 APUCARANA;09/30/25;34;4869;4610
1234;1234 BEZERRA MENEZES-UFO;09/01/25;34;4796;4554
53;53 PC.W.DAVIDS-ULONDR;12/08/25;34;5388;4962
402;402 MOGI MIRIM;11/03/25;34;5110;4863
57;57 ASSAI;09/15/25;34;4905;4640
3229;3229 B.JARAGUA-UMC;02/09/26;34;5055;
76;76 STA.CRUZ RIO PARDO;09/30/25;34;4818;4569
2391;2391 V.REMEDIOS-UR.OSASCO;12/08/25;34;4746;4510
85;85 PINHEIROS-USP;04/17/25;34;4147;3591
395;395 JACAREI CENTRO;08/15/25;34;4780;3994
87;87 MADUREIRA-URJ;09/01/25;34;4914;4648
1718;1718 PRIME PRAIA DO CANTO-URB. VITORIA-ES;01/02/26;34;5120;5062
94;94 CASA VERDE-USP;06/16/25;34;4550;3868
398;398 LORENA;11/03/25;34;5198;4847
106;106 PARI-USP;06/16/25;34;4452;3760
111;111 V.ANASTACIO-USP;07/31/25;34;4759;3993
532;532 MATAO;11/03/25;34;4887;4626
113;113 S.MIGUEL PTA.USP;12/08/25;34;5083;4937
1545;1545 MACAE-CENTRO RJ;09/01/25;34;4779;4540
415;415 GUARATINGUETA;11/03/25;34;5195;4858
122;122 S.CAETANO DO SUL-CTO;12/08/25;34;5404;4963
3184;3184 ILHA GOVERNADOR-URJ;06/16/25;34;4923;4657
128;128 TUCURUVI-USP;09/30/25;34;4470;4341
155;155 V.GALVAO-U.GUARULHOS;12/08/25;34;5099;4951
134;134 JD.AMERICA-USP;06/16/25;34;4353;3786
141;141 IBIPORA;12/08/25;34;5232;4893
452;452 FORTALEZA-CENTRO;11/03/25;34;4982;4832
142;142 CIANORTE;09/30/25;34;4874;4615
467;467 IPATINGA-CENTRO;11/03/25;34;4870;4611
144;144 BARRETOS;01/02/26;34;5318;5065
381;381 TIMBO;11/03/25;34;5125;4829
145;145 PIRACICABA-CENTRO;12/08/25;34;5106;4923
150;150 JUNDIAI-CENTRO;01/02/26;34;4737;4501
148;148 MOGI DAS CRUZES-CTO.;04/17/25;34;4102;3643
179;179 CAMPO MOURAO;09/30/25;34;4864;4605
2829;2829 V.VIRGINIA-U.R.PRETO;01/02/26;34;5330;4932
151;151 LIMEIRA-CENTRO;11/03/25;34;5048;4849
193;193 TAQUARITINGA;11/24/25;34;5109;4872
157;157 AVARE;11/24/25;34;4323;4239
350;350 CACAPAVA;11/03/25;34;5063;4804
172;172 MIRASSOL;01/02/26;34;5425;5026
201;201 BOTUCATU;11/24/25;34;4343;4254
173;173 PONTA PORA;09/30/25;34;4591;4437
288;288 VERDES MARES-UFO;09/15/25;34;4826;4577
2968;2968 CAPAO DA CANOA;06/16/25;34;5337;4959
187;187 RIO CLARO-CENTRO;11/03/25;34;5098;4883
1612;1612 CARAGUATATUBA;11/03/25;34;5212;4813
189;189 DOURADOS CENTRO;09/01/25;34;4558;4408
1379;1379 MONTESE-UFO;11/03/25;34;4947;4670
190;190 SERRA NEGRA;01/02/26;34;5468;5068
272;272 DIADEMA - CENTRO;11/03/25;34;5008;4792
3113;3113 PC.SAN MARTIN-U.VIT;09/01/25;34;5121;5242
3016;3016 CANDEIAS;07/31/25;34;4976;4779
202;202 GOIOERE;12/08/25;34;5160;4907
594;594 RONDON DO PARA;11/03/25;34;4873;4614
206;206 S.SEBASTIAO;11/24/25;34;5210;4879
236;236 FEIRA SANTANA-CENTRO;11/03/25;34;5073;4793
216;216 PINDAMONHANGABA;11/03/25;34;5022;4786
318;318 PAULINIA;11/03/25;34;4980;4826
224;224 MOGI GUACU CTO;12/08/25;34;5015;4936
225;225 S.JOSE DOS CPOS.CTO.;01/02/26;34;5345;5071
1493;1493 LINHARES;09/30/25;34;4765;4527
1006;1006 BARRA DE S.FRANCISCO;09/30/25;34;4760;4523
239;239 ITABUNA-CENTRO;07/31/25;34;4243;3930
240;240 ANAPOLIS-CENTRO;09/01/25;34;4795;4553
310;310 CARMO-U.CAMP.;08/15/25;34;4766;4528
241;241 W-3 SUL 511-UBRASIL.;09/01/25;34;4708;4482
244;244 CAMPINAS-UGO;09/30/25;34;4906;4641
256;256 TRES LAGOAS;01/02/26;34;5231;5117
457;457 JI-PARANA;01/02/26;34;4817;4568
260;260 MONTE ALTO;11/03/25;34;5163;4838
538;538 UTINGA-URB.STO.ANDRE;03/24/25;34;4097;3562
261;261 ITAPETININGA;12/08/25;34;5336;4921
394;394 JABOTICABAL;12/08/25;34;5167;4915
1803;1803 AV.PRES.VARGAS-URJ;07/31/25;34;4852;4597
588;588 CABO FRIO;09/30/25;34;4867;4608
2107;2107 AV.28 ABRIL-UIPATING;07/31/25;34;4878;4619
279;279 S.CRISTOVAO-URJ;11/03/25;34;4950;4672
284;284 TATUI;12/08/25;34;5335;4926
1567;1567 CEL.FABRICIANO;11/03/25;34;4871;4612
285;285 S.LEOPOLDO-CENTRO;09/30/25;34;4566;4416
498;498 PC.BEN.CALIXTO-USP;09/30/25;34;4583;4429
564;564 ALDEOTA-UFO;11/03/25;34;4872;4613
291;291 BOA VIAGEM-URE;06/16/25;34;4064;3796
432;432 JANDIRA;09/01/25;34;4941;4668
294;294 V.GUSTAVO-USP;06/16/25;34;4481;3788
2178;2178 NOVA MARABA-U.MARABA;07/31/25;34;4865;4606
305;305 VARGEM GRANDE DO SUL;01/02/26;34;5471;5055
582;582 JACAREPAGUA-URJ;09/30/25;34;4539;4391
308;308 AMERICO BRASILIENSE;11/03/25;34;4934;4662
1057;1057 ARMACAO DOS BUZIOS;09/15/25;34;4863;4604
314;314 ARTUR NOGUEIRA;01/02/26;34;5363;5019
3211;3211 CARUARU-CENTRO;11/03/25;34;4721;4492
316;316 INDAIATUBA - CTO.;02/09/26;34;5441;5186
3187;3187 FOZ DO IGUACU UPR;09/30/25;34;5184;4978
317;317 NOVA ODESSA;10/20/25;34;5020;4801
319;319 PEDREIRA;01/02/26;34;5367;5025
326;326 PASSO D AREIA-UPA;09/15/25;34;4547;4398
397;397 LENCOIS PAULISTA;11/24/25;34;5312;
328;328 ITU;10/20/25;34;5081;4833
329;329 ARARAS;01/02/26;34;5274;5100
438;438 CASCAVEL-CENTRO;12/08/25;34;5181;4953
332;332 BALNEARIO CAMBORIU;06/16/25;34;4195;3744
973;973 BARREIRAS;09/01/25;34;4774;4536
333;333 BLUMENAU-CENTRO;11/03/25;34;4940;4667
374;374 SANTA FE DO SUL;12/18/25;34;4877;4618
334;334 TUPY-URB.JOINVILLE;09/01/25;34;4731;4497
540;540 NOVA FRIBURGO-CENTRO;09/30/25;34;4901;4637
335;335 GUAIRA;01/02/26;34;5247;5054
1579;1579 MARANGUAPE;11/03/25;34;5117;4856
341;341 CANOINHAS;11/03/25;34;5165;4839
345;345 CRICIUMA-CENTRO;09/30/25;34;4565;4415
347;347 ESTREITO-UFL;06/16/25;34;4182;3772
1785;1785 GAVEA-URJ;07/15/25;34;4866;4607
353;353 INDAIAL;09/30/25;34;5134;4738
354;354 CARAPICUIBA-CENTRO;11/24/25;34;4965;4684
1262;1262 MAIRIPORA;09/30/25;34;4987;4735
2840;2840 BOSQUE-URIO BRANCO;11/03/25;34;4967;4686
358;358 JOINVILLE-CENTRO;09/15/25;34;4751;4515
360;360 LAGES-CENTRO;09/01/25;34;4241;4185
1597;1597 GRUTA DE LOURDES - URB MACEIO;11/03/25;34;5047;4809
362;362 MAFRA;11/03/25;34;5156;4837
1011;1011 ALTAMIRA;11/03/25;34;4916;4650
367;367 RIO DO SUL;09/01/25;34;4943;4669
459;459 ANGRA DOS REIS;11/03/25;34;5082;4851
1938;1938 MAIRINQUE;04/17/25;34;5079;4827
853;853 BAIRRO DOS PIMENTAS URB. GUARULHOS;11/03/25;34;4949;4671
385;385 XANXERE;09/01/25;34;4608;4450
2617;2617 RUA DA PAZ U.S.LUIS;08/15/25;34;5023;4882
386;386 BARRINHA;11/03/25;34;5104;4845
1015;1015 VARGEM GDE.PAULISTA;11/03/25;34;5080;4862
390;390 CRUZEIRO;11/03/25;34;5056;4761
2424;2424 GUARA-CID.SATELITE;05/15/25;34;4739;4503
392;392 GUARIBA;11/03/25;34;5168;4840
2184;2184 AV.TABOAO-U.SBC;11/03/25;34;4984;4890
1070;1070 JD.PAULISTA-U.S.J.C;11/03/25;34;5039;4808
448;448 HADDOCK LOBO-URJ;12/08/25;34;4915;4649
736;736 TABATINGA;11/03/25;34;5260;5210
403;403 MONTE MOR;11/03/25;34;4973;4692
1613;1613 UBATUBA;11/24/25;34;5306;4889
1645;1645 PARATY;12/08/25;34;5187;4908
410;410 RIO DAS PEDRAS;09/30/25;34;5088;4749
1154;1154 AV.PORTUGAL-U.S.AND.;12/08/25;34;5300;4918
422;422 ALFONSO BOVERO-USP;06/16/25;34;4541;3795
1414;1414 FLAMENGO-URJ;11/03/25;34;4920;4654
436;436 P. MARAVILHA-URB.RJ;07/31/25;34;4581;4427
1503;1503 JOAO MONLEVADE;10/20/25;34;4896;4632
444;444 AV.SAUDADE-U.R.PRETO;12/08/25;34;5339;4934
1446;1446 CARIACICA;12/08/25;34;4819;4570
2911;2911 AV GUADALUPE-U.S.J.C;09/15/25;34;5050;4782
3230;3230 PALMEIRA DOS INDIOS;11/03/25;34;5154;5095
453;453 AMPARO;01/02/26;34;5458;5035
476;476 ATIBAIA;01/02/26;34;5014;5030
454;454 CRATO -CENTRO CE;12/18/25;34;5244;4996
1444;1444 JD.BOTANICO-URJ;11/03/25;34;4885;4625
455;455 IGUATU - IGUATU;01/02/26;34;5251;5080
3167;3167 PROPRIA;12/08/25;34;5075;4891
2765;2765 JARDINS-URB.ARACAJU;12/08/25;34;5102;4913
458;458 SOBRAL -CENTRO CE;01/02/26;34;5334;5066
2401;2401 ALTO BOA VISTA U.RP.;03/24/25;34;5323;4920
2869;2869 R.MARQUES HERVAL-UCS;03/24/25;34;5190;4929
460;460 IMPERATRIZ-CENTRO;11/03/25;34;4577;4423
466;466 CID.INDAL.U.CONTAGEM;11/03/25;34;4337;4250
2763;2763 AV.P.CAST.BRANCO-URP;04/17/25;34;5327;4931
478;478 PAISSANDU-USP;06/16/25;34;4516;3810
482;482 EDUARDO RIBEIRO-UMA;07/31/25;34;4360;4269
2435;2435 PRIME CENTRAL-URJ;09/30/25;34;5356;5108
494;494 R.SANTA CRUZ-USP;07/31/25;34;4349;4260
1002;1002 PORTO REAL;01/02/26;34;5175;5034
514;514 POCOS DE CALDAS-CTO;12/08/25;34;5025;5218
2218;2218 BR 010-U.IMPERAT.;09/01/25;34;4609;4451
517;517 ITAPIRA;12/08/25;34;5200;4919
3166;3166 LAGARTO;12/08/25;34;5068;4906
520;520 STA.BARB.D`OESTE-CTO;11/03/25;34;5019;4780
2115;2115 VIA EXPRESSA-UMACEIO;09/30/25;34;5065;4928
521;521 TIETE;12/08/25;34;5185;4954
2886;2886 AV.B.BASSITT-U.SJRP;07/15/25;34;5452;5027
522;522 BOA VISTA-CENTRO;12/08/25;34;5406;4966
1193;1193 PAULICEIA-U.S.B.CPO.;01/02/26;34;5348;5067
523;523 MACAPA-CENTRO;09/30/25;34;4092;4057
524;524 SANTAREM;01/02/26;34;4931;4660
533;533 MOCOCA;01/02/26;34;5483;5073
2136;2136 PC.ESTACAO-U.FRANCA;12/08/25;34;5320;5043
536;536 S.JOSE DO RIO PARDO;01/02/26;34;5480;5115
1960;1960 JD.SATELITE-U.S.J.CP;12/08/25;34;5342;4960
1662;1662 TREZE DE MAIO URB.RP;12/08/25;34;5340;4943
539;539 RESENDE;12/08/25;34;5182;
542;542 TERESOPOLIS-CENTRO;11/03/25;34;4899;4635
2719;2719 AV.GOIAS U.S.C.SUL;09/15/25;34;5381;4944
552;552 CAMPO GRANDE-URJ;07/31/25;34;4118;3968
2220;2220 AV.MUTINGA-USP;02/09/26;34;5714;5286
2013;2013 ESTACIO-URJ;06/16/25;34;5296;5102
566;566 CAMPO LIMPO PTA-CTRO;11/03/25;34;5021;4802
567;567 IRACEMAPOLIS;11/24/25;34;5176;4866
1981;1981 JOSE BONIFACIO;06/16/25;34;5424;5113
569;569 ENTRE RIOS;11/03/25;34;5034;4842
583;583 LIDO-URJ;07/31/25;34;4552;4403
1302;1302 CANINDE;12/18/25;34;5277;4992
595;595 BARAO ITAPURA-UCAMP.;07/31/25;34;4379;4007
620;620 REDENCAO;11/03/25;34;4839;4584
625;625 CONJUNTO CEARA - U FORT;09/30/25;34;4968;4687
3224;3224 ALECRIM-U.NATAL;06/16/25;34;5051;4861
639;639 BORBOREMA-U.C.GRANDE;11/03/25;34;4822;4573
1678;1678 CAPIVARI;12/08/25;34;5332;4942
646;646 PONTA GROSSA-CTO PR;11/24/25;34;4597;4442
2388;2388 LOUVEIRA;09/01/25;34;5357;4961
684;684 ACARAU -CE;01/02/26;34;5408;5089
1795;1795 PQ.NACOES-U.ST.ANDRE;07/31/25;34;5315;5105
685;685 ARACATI -CE;01/02/26;34;5302;5008
688;688 BREJO SANTO -CE;12/18/25;34;5226;4983
692;692 PE CICERO - U JUAZ NORTE;01/02/26;34;5243;5098
3212;3212 GARANHUNS-PE;09/01/25;34;5256;5041
708;708 GUAJARA MIRIM;09/30/25;34;5016;5385
713;713 MESSEJANA - U FORT -CE;09/30/25;34;4884;4624
714;714 BARBALHA -CE;12/18/25;34;5248;4991
923;923 TELEMACO BORBA;12/08/25;34;5389;4945
719;719 ITAPAGE -CE;12/18/25;34;5288;4997
726;726 TIANGUA -CE;01/02/26;34;5338;5044
731;731 MAURITI -CE;12/18/25;34;5225;5003
734;734 OURO PRETO DO OESTE;11/03/25;34;4816;4567
756;756 MILAGRES -CE;12/18/25;34;5236;4990
757;757 MISSAO VELHA -CE;12/18/25;34;5242;4984
1278;1278 IVINHEMA;11/03/25;34;4605;4448
765;765 PACAJUS -CE;11/03/25;34;5124;4820
767;767 PACATUBA -CE;11/03/25;34;5152;4836
770;770 VARZEA ALEGRE;01/02/26;34;5253;5063
1195;1195 PIRAPORINHA-U.DIADEM;11/03/25;34;5011;4818
789;789 TAUA;02/09/26;34;5591;
791;791 CODO;11/03/25;34;4458;4332
1723;1723 ARACRUZ;09/30/25;34;5115;4736
806;806 JARU;11/03/25;34;4808;4563
1240;1240 AV NOVA YORK URB RJ;09/30/25;34;4856;4600
811;811 BAIRRO TAQUARALTO URB. PALMAS;06/16/25;34;4534;3867
814;814 JOAO PAULO II URB RJ;07/31/25;34;4619;3881
826;826 CAMACARI-CENTRO;11/03/25;34;5049;4850
2774;2774 N.ALPHA.-USPARNAIBA;09/01/25;34;4955;4676
835;835 SURUBIM;09/30/25;34;4617;4459
843;843 B.CAJAZEIRAS USA;06/16/25;34;4275;3780
1226;1226 BARUERI-CENTRO;09/30/25;34;4992;4770
1939;1939 PEDREIRA-UBE;11/03/25;34;5017;4859
855;855 GUAPIMIRIM;09/01/25;34;4883;4623
875;875 ICOARACI-UBE;01/02/26;34;5067;5092
906;906 STA.CRUZ;09/30/25;34;5178;4747
3205;3205 CASA AMARELA-URE;04/17/25;34;4070;3743
925;925 CONCEICAO ARAGUAIA;09/30/25;34;4832;4582
926;926 COLON.MURICI-USJPIN;08/15/25;34;4480;4003
927;927 HORTOLANDIA;09/01/25;34;4989;4783
937;937 PICOS;09/01/25;34;4596;4441
957;957 CAXIAS;06/16/25;34;4393;3912
995;995 S.GONCALO AMARANTE;11/24/25;34;5180;5162
999;999 OIAPOQUE;09/30/25;34;5132;4737
2766;2766 DOWNTOWN-U.RJ;12/08/25;34;4338;3827
1004;1004 S.MATEUS;09/30/25;34;4750;4514
1008;1008 EDEN-U.SOROC.;12/08/25;34;5294;4957
1075;1075 BARRA DA TIJUCA-URJ;07/15/25;34;4369;3861
1013;1013 ILHABELA;11/24/25;34;5297;4885
2622;2622 AV.ENG.C.ALVARES-USP;11/03/25;34;4528;3802
1026;1026 PEDREIRAS;01/02/26;34;4493;4359
1061;1061 B.TORRE U.J.PESSOA;06/16/25;34;4252;3824
1072;1072 SANTA LUZIA;01/02/26;34;5197;5053
2431;2431 V.REZENDE U.PIRACIC.;08/15/25;34;5089;4750
1856;1856 STA.LUZIA;06/16/25;34;4326;4242
1104;1104 MANAIRA URB JOAO PESSOA PB;09/01/25;34;4590;4436
2201;2201 CALOGERAS-UCG-MS;04/17/25;34;4559;4409
1123;1123 MAIOBAO D.PCO.LUMIAR;10/20/25;34;5119;4834
1136;1136 PRESIDENTE DUTRA;09/15/25;34;4505;4368
1146;1146 SAO JOSE DE RIBAMAR;12/18/25;34;5144;5002
1167;1167 COHAB URB. SAO LUIS;09/30/25;34;4921;4655
1173;1173 VL.ATLANT.U.LFREITAS;09/30/25;34;4969;4688
1180;1180 GOVERNADOR LOBAO URB. S.;01/02/26;34;4712;4486
1219;1219 PINHEIRINHO-UCT;06/16/25;34;4279;3781
3226;3226 MOSSORO-CENTRO;11/03/25;34;5585;
1231;1231 CUMBICA-U.GUARUL;07/15/25;34;4580;3869
1628;1628 R.BOA VISTA-USP;07/31/25;34;4482;3972
1236;1236 CAIEIRAS;04/17/25;34;4194;3646
1640;1640 LAURO DE FREITAS-CTO;09/01/25;34;4563;4413
1260;1260 CABO;06/02/25;34;4123;3716
1631;1631 HUMAITA-URJ;07/31/25;34;4582;4428
1701;1701 PRIME AV.9 JULHO URP;12/08/25;34;5325;4941
2134;2134 PRUDENTE MORAIS-UNA;04/17/25;34;5066;5238
1311;1311 PQ.NOVO MUNDO-USP;04/17/25;34;4164;3648
1473;1473 VL.UNIVERSIT.U.BAURU;12/08/25;34;5316;4898
1319;1319 JOAO PAULO-USL;11/03/25;34;5028;4781
1614;1614 SALTO;12/08/25;34;5290;4901
1394;1394 MIGUEL PEREIRA;09/30/25;34;4922;4656
1411;1411 BAIRRO DA PAZ-URB-PARAUAPEBAS-PA;09/01/25;34;4850;4595
3202;3202 AFOGADOS-URE;05/15/25;34;4087;3647
2379;2379 V.VALQUEIRE-URJ;07/31/25;34;4128;3645
1420;1420 R.DA INDEPEND.UMACAP;09/15/25;34;4105;4070
1647;1647 PORTO SEGURO;06/02/25;34;4167;3678
2276;2276 CARLOS GOMES-UPA;06/02/25;34;4267;4206
1448;1448 ARIQUEMES;07/15/25;34;4432;3865
2423;2423 JD.ANALIA FRANCO-USP (Desmobilizada);06/16/25;34;4272;3667
1466;1466 JARDIM;09/30/25;34;4624;4465
2065;2065 ITAIM PAULISTA-USP;04/17/25;34;4201;3612
1485;1485 SIDROLANDIA;09/30/25;34;5078;4739
2133;2133 MESQUITA;12/08/25;34;4169;3642
1496;1496 STA.IZABEL DO PARA;02/09/26;34;5328;5163
1904;1904 CAMARAGIBE;03/18/25;34;4068;3734
1882;1882 ARARUAMA;07/31/25;34;4127;3644
1543;1543 SANTO AMARO;09/01/25;34;4767;4529
2122;2122 SAQUAREMA;09/01/25;34;4161;4114
3206;3206 ENCRUZILHADA-URE;06/16/25;34;4077;3641
1547;1547 VALENCA;11/24/25;34;5171;4865
1549;1549 CAMPOS DO JORDAO;11/03/25;34;5035;4776
1554;1554 PARAISO DO TOCANTINS;07/15/25;34;4394;3876
1555;1555 S.CARLOS;09/01/25;34;4610;4452
1883;1883 BOM JESUS DA LAPA;04/17/25;34;5137;4752
2679;2679 CAIS APOLO-T.TR.URE;08/15/25;34;4083;3557
2093;2093 V.CAICARA-URB.PR.GDE;11/03/25;34;4324;3783
1606;1606 PAULISTA-PE CENTRO;06/02/25;34;4082;3723
3214;3214 PALMARES;01/02/26;34;4710;4484
1621;1621 FRANCISCO MORATO;11/24/25;34;4997;4878
1632;1632 VASSOURAS;11/24/25;34;5159;4875
1638;1638 IBITINGA;11/03/25;34;5174;4830
2140;2140 JABOATAO GUARARAPES;01/02/26;34;4101;4066
2007;2007 GUARABIRA;06/16/25;34;5053;4819
1648;1648 PRADOPOLIS;09/30/25;34;4890;4629
1672;1672 VIAD.U.ANANINDEUA;12/08/25;34;5037;4912
3210;3210 ARCOVERDE;04/17/25;34;5130;4805
1692;1692 PASSOS;11/24/25;34;5018;4881
1686;1686 OURILANDIA DO NORTE;11/03/25;34;5005;4775
1725;1725 COLINAS DE TOCANTINS;07/31/25;34;4420;4311
2628;2628 SIQUEIRA CPOS.U.ARAC;06/16/25;34;5084;5031
1741;1741 ARUJA;12/08/25;34;5278;4956
2831;2831 ANANINDEUA-CENTRO;12/08/25;34;5057;4950
1876;1876 SAO FELIX DO XINGU;06/02/25;34;5000;4784
3215;3215 PESQUEIRA;09/30/25;34;4768;4530
2145;2145 FAROL-U.MACEIO;07/31/25;34;5052;4844
1899;1899 S.PEDRO DA ALDEIA;12/08/25;34;4860;4603
2046;2046 TELEGRAFO-UBE;11/03/25;34;4964;4683
1949;1949 PIEDADE;07/31/25;34;5279;
1950;1950 BARAO GURGUEIA-UTER;12/08/25;34;4355;3874
1952;1952 BOITUVA;07/15/25;34;5333;4933
1969;1969 BONFIM-U.CAMP;06/02/25;34;4790;4000
1987;1987 NOVA CASCAVEL-U.CASC;06/02/25;34;5172;4939
1989;1989 CORDEIROPOLIS;12/08/25;34;5221;4930
2219;2219 W-3 NORTE-UBRASILIA;11/24/25;34;4585;4431
2189;2189 MORRO AGUDO;07/31/25;34;5258;5064
2084;2084 ATAIDE TEIVE URB BOA VISTA RR;04/17/25;34;5403;4965
2293;2293 CALHAU-URB.SAO LUIS-MA;04/17/25;34;4623;4464
2091;2091 TIMOTEO-ACESITA;07/31/25;34;4894;4630
2114;2114 PARNAMIRIM;09/15/25;34;5030;4746
2116;2116 BARREIROS;12/08/25;34;4702;3962
2690;2690 GRANDE CIRCULAR-UMA;12/08/25;34;4414;3863
2949;2949 SHOP.MILLENNIUM-URJ;03/31/25;34;4350;3814
2213;2213 CID.NOVA-U.FRANCA;06/16/25;34;5319;5042
2215;2215 BERTIOGA;08/15/25;34;5501;5202
2787;2787 MAL.HERMES-URJ;06/16/25;34;4177;3634
2393;2393 B.BOA VISTA-LIMEIRA;04/17/25;34;5157;4812
2467;2467 ALEIXO-UMA;09/30/25;34;4443;3893
2472;2472 PORTO SEC.PIRAJA-USA;06/02/25;34;4524;4016
2711;2711 APAREC.GOIANIA CTO.;07/15/25;34;4960;4680
2682;2682 RUA SAO FRANCISCO - U. ARAPIRACA - AL;03/24/25;34;5114;4888
2806;2806 B.RETIRO-U.V.REDONDA;09/15/25;34;5386;
3126;3126 NOVO PROGRESSO;06/30/25;34;4990;5149
2836;2836 AL.PAULISTA-U.ARARAQ;03/31/25;34;5173;4821
3164;3164 ITABAIANA;01/02/26;34;5076;4900
3169;3169 ARAPIRACA - CENTRO - AL;12/08/25;34;5112;5160
3435;3435 PROF.ALFR.BALENA-UBH;09/01/25;34;4740;4504
3453;3453 CONSELH.AGUIAR-URE;08/15/25;34;4069;3615
3492;3492 BENJ.GUIMARAES-UBH;11/03/25;34;4775;4537
3518;3518 IGUAI;06/16/25;34;5111;4728
3530;3530 B.BRASIL-UVCONQUISTA;09/15/25;34;4840;4585
3533;3533 MURITIBA;09/15/25;34;5402;
3544;3544 TUCANO;09/30/25;34;4325;3769
3559;3559 BOQUIRA;08/15/25;34;5202;4869
3563;3563 S.FRANCISCO CONDE;11/03/25;34;5354;5164
3570;3570 JEREMOABO;04/17/25;34;5150;5070
3646;3646 AV.TANCRE NEVES-USA;09/15/25;34;4506;4369
3662;3662 CHAME-CHAME-USA;06/16/25;34;4496;3900
3669;3669 DIAS D`AVILA;06/16/25;34;4998;4748
3693;3693 PINDAI;06/30/25;34;5013;4785
3703;3703 PARINTINS;11/03/25;34;5118;4729
3704;3704 ITACOATIARA;09/30/25;34;4979;4711
3706;3706 MAUES - MAUES;09/15/25;34;5141;4740
3718;3718 BORBA;06/16/25;34;5440;5020
3720;3720 NOVO ARIPUANA;01/02/26;34;5451;5029
3723;3723 LABREA;01/02/26;34;5371;4896
3725;3725 BARREIRINHA;12/08/25;34;5127;4894
3726;3726 BOULEVARD-UMA;09/30/25;34;4391;4290
3731;3731 FONTE BOA;12/08/25;34;5271;4822
3740;3740 BENJAMIN CONSTANT;09/01/25;34;5267;4814
3742;3742 CANUTAMA;11/03/25;34;5377;
3743;3743 TEFE;12/08/25;34;5216;4774
3749;3749 S.P.DE OLIVENCA;11/03/25;34;5270;4815
3812;3812 BURITIS URB. BELO HORIZONTE;06/02/25;34;4758;4521
3953;3953 R.SAL.MARINHO-U.CPOS;04/17/25;34;5626;5403
5224;5224 BURITI BRAVO;06/16/25;34;4551;4402
5367;5367 BELA CRUZ-CE;11/03/25;34;5413;5111
5383;5383 CAMPOS SALES, CE;01/02/26;34;5595;5188
5392;5392 ICO, CE;07/31/25;34;5586;5388
5743;5743 NOVO REPARTIMENTO;01/02/26;34;4895;4631
5745;5745 PACAJA, PA;09/30/25;34;4907;4642
5877;5877 MACAIBA, RN;09/30/25;34;5044;4743
5879;5879 MONTE ALEGRE, RN;09/30/25;34;5162;4892
5882;5882 PAU DOS FERROS, RN;09/30/25;34;5581;5167
5883;5883 SANTO ANTONIO-RN;02/09/26;34;5164;4744
6012;6012 AV.SAO JOAO-USJC, SP;01/02/26;34;5344;5107
6037;6037 BOM CONSELHO;09/01/25;34;5149;4846
6041;6041 PETROLANDIA;11/03/25;34;5131;4864
6175;6175 CORURIPE-AL;11/03/25;34;5107;4938
6566;6566 S.FRANCISCO-U.NITER;07/31/25;34;4498;3951
6694;6694 PRAIA FORTE-M.S.JOAO;06/16/25;34;5347;5200
